day,mont,year,credited,debited,type,week_day,perc_remain
1,6,2020,10404683.1,7921941.905,N,1,0.238617666
2,6,2020,8616163.607,7062377.51,N,2,0.180333866
3,6,2020,7872211.721,6372551.002,N,3,0.190500557
4,6,2020,7835058.271,6331527.59,N,4,0.19189783
5,6,2020,8701641.714,7060386.51,N,5,0.188614431
6,6,2020,2657576.569,1226194.225,N,6,0.538604366
7,6,2020,,,N,7,
8,6,2020,8171845.89,6539346.49,N,1,0.199771193
9,6,2020,7043053.26,5402860.945,N,2,0.232880862
10,6,2020,7921840.214,6405740.562,N,3,0.191382256
11,6,2020,7744115.336,6086390.067,N,4,0.214062575
12,6,2020,10272281.31,8555667.531,N,5,0.167111251
13,6,2020,,,N,6,
14,6,2020,,,N,7,
15,6,2020,11655240.96,9552411.814,P,1,0.180419191
16,6,2020,7842402.221,5745436.233,N,2,0.267388222
17,6,2020,7652831.117,6125795.6,N,3,0.19953864
18,6,2020,7996337.131,6185858.933,N,4,0.22641344
19,6,2020,8018521.214,6493952.15,N,5,0.190130951
20,6,2020,1976020.525,928922.831,N,6,0.529902236
21,6,2020,,,N,7,
22,6,2020,9343667.671,7602510.417,N,1,0.186346231
23,6,2020,7871239.355,5590905.879,N,2,0.289704502
24,6,2020,7763086.929,6124638.076,N,3,0.211056358
25,6,2020,7894487.486,5840285.305,N,4,0.260207162
26,6,2020,10122052.94,7988556.576,N,5,0.210777041
27,6,2020,,,N,6,
28,6,2020,,,N,7,
29,6,2020,13920495.95,10832054.42,N,1,0.221862895
30,6,2020,16702615.13,13142865,P,2,0.213125316
1,7,2020,9946093.993,7649272.052,N,3,0.230927029
2,7,2020,7634822.631,5856264.224,N,4,0.232953468
3,7,2020,7109651.11,5396614.448,N,5,0.24094525
4,7,2020,2272685.965,1110431.664,N,6,0.511401187
5,7,2020,,,N,7,
6,7,2020,9360750.971,7050284.862,N,1,0.246824867
7,7,2020,8272839.674,6467188.662,N,2,0.218262541
8,7,2020,7482119.407,5738062.583,N,3,0.233096631
9,7,2020,8183848.69,6463637.1,N,4,0.210195918
10,7,2020,9278138.788,7216854.564,N,5,0.222165703
11,7,2020,,,N,6,
12,7,2020,,,N,7,
13,7,2020,10712664.96,8610384.652,N,1,0.196242515
14,7,2020,7899564.319,6264111.736,N,2,0.207030732
15,7,2020,7915856.417,5993313.626,P,3,0.242872368
16,7,2020,7764233.726,6104317.69,N,4,0.213790065
17,7,2020,7249872.55,5478172.476,N,5,0.24437672
18,7,2020,1926166.133,967682.2588,N,6,0.497612256
19,7,2020,,,N,7,
20,7,2020,8222069.59,6546884.836,N,1,0.203742469
21,7,2020,7165626.433,5743386.293,N,2,0.198480922
22,7,2020,7313042.4,5836780.29,N,3,0.201867024
23,7,2020,7403931.233,5801135.917,N,4,0.216478958
24,7,2020,7601039.717,5715051.217,N,5,0.248122437
25,7,2020,,,N,6,
26,7,2020,,,N,7,
27,7,2020,8585192.562,6144811.007,N,1,0.284254725
28,7,2020,7970330.9,6091538.748,N,2,0.235723231
29,7,2020,10893760.54,9126636.033,N,3,0.16221437
30,7,2020,9317680.745,6863890.84,N,4,0.263347712
31,7,2020,10977041.51,8017137.283,P,5,0.269644988
1,8,2020,,,N,6,
2,8,2020,,,N,7,
3,8,2020,7610094.348,5604286.838,N,1,0.263571963
4,8,2020,6797847.06,4929447.443,N,2,0.27485167
5,8,2020,7688437.133,5835353.612,N,3,0.241022134
6,8,2020,8002160.445,5939652.812,N,4,0.257743849
7,8,2020,7539270.983,5312899.214,N,5,0.295303322
8,8,2020,,,N,6,
9,8,2020,,,N,7,
10,8,2020,10198338.82,7879489.152,N,1,0.227375233
11,8,2020,6782414.581,5199612.352,N,2,0.233368546
12,8,2020,5956540.898,4553938.479,N,3,0.235472641
13,8,2020,7350659.314,5355149.655,N,4,0.271473561
14,8,2020,8700541.733,6713732.76,N,5,0.228354628
15,8,2020,,,P,6,
16,8,2020,,,N,7,
17,8,2020,8619103.076,6397475.143,N,1,0.257756279
18,8,2020,7417009.281,5672787.412,N,2,0.235165119
19,8,2020,8302340.148,6533181.502,N,3,0.213091564
20,8,2020,8184405.476,5096505.802,N,4,0.377290652
21,8,2020,7422221.833,5682328.976,N,5,0.234416715
22,8,2020,,,N,6,
23,8,2020,,,N,7,
24,8,2020,7950673.162,5956575.657,N,1,0.250808638
25,8,2020,7099201.39,5080265.676,N,2,0.284389131
26,8,2020,7753138.114,6034726.279,N,3,0.221640813
27,8,2020,8231844.138,6053236.836,N,4,0.264656044
28,8,2020,10431243.29,7934631.819,N,5,0.239339779
29,8,2020,2527394.714,1272253.319,N,6,0.496614711
30,8,2020,,,N,7,
31,8,2020,13063208.09,9841976.167,P,1,0.24658812
1,9,2020,11941348.33,9377919.755,N,2,0.214668269
2,9,2020,7263135.045,5081919.562,N,3,0.300313222
3,9,2020,8239066.721,6202861.024,N,4,0.247140334
4,9,2020,8630277.119,6769250.2,N,5,0.2156393
5,9,2020,2797257.881,1508869.19,N,6,0.460589887
6,9,2020,,,N,7,
7,9,2020,8223628.398,5948882.9,N,1,0.27661093
8,9,2020,8037063.481,6229616.312,N,2,0.224889
9,9,2020,7901192.374,6142112.026,N,3,0.222634795
10,9,2020,8797844.402,6567466.371,N,4,0.253514148
11,9,2020,8236142.945,6246683.262,N,5,0.24155235
12,9,2020,,,N,6,
13,9,2020,,,N,7,
14,9,2020,9975977.486,7680632.012,N,1,0.230087275
15,9,2020,10039648.7,7964253.007,P,2,0.206719952
16,9,2020,8597650.679,6897317.16,N,3,0.197767225
17,9,2020,10377847.12,8750615.486,N,4,0.156798574
18,9,2020,9318062.41,7399155.924,N,5,0.205934067
19,9,2020,2497456.467,1381530.276,N,6,0.446825082
20,9,2020,,,N,7,
21,9,2020,9848682.005,7991927.945,N,1,0.188528177
22,9,2020,9429197.279,7626878.724,N,2,0.191142311
23,9,2020,9225275.329,7225812.807,N,3,0.216737436
24,9,2020,9230040.143,7213925.314,N,4,0.218429692
25,9,2020,10384094.05,7890310.655,N,5,0.240154161
26,9,2020,,,N,6,
27,9,2020,,,N,7,
28,9,2020,12293447.85,9550833.624,N,1,0.223095608
29,9,2020,13752334.65,10842975.79,N,2,0.211553815
30,9,2020,20893465.98,16499443.11,P,3,0.210306077
1,10,2020,13140473.22,9949544.652,N,4,0.24283209
2,10,2020,,,N,5,
3,10,2020,3450229.176,1837791.081,N,6,0.467342316
4,10,2020,,,N,7,
5,10,2020,9903733.26,7732235.962,N,1,0.219260479
6,10,2020,8696608.443,6346466.36,N,2,0.270236622
7,10,2020,7893340.131,5762685.305,N,3,0.2699307
8,10,2020,7922614.833,6003867.933,N,4,0.242186064
9,10,2020,12185582,9847214.674,N,5,0.191896237
10,10,2020,,,N,6,
11,10,2020,,,N,7,
12,10,2020,9672517.524,7306320.383,N,1,0.244630949
13,10,2020,9701113.914,7585714.629,N,2,0.21805736
14,10,2020,8619856.16,6650619.693,N,3,0.228453518
15,10,2020,10881340.43,8713456.467,P,4,0.199229495
16,10,2020,9157812.067,7162670.607,N,5,0.217862241
17,10,2020,2763926.355,1369398.985,N,6,0.504545777
18,10,2020,,,N,7,
19,10,2020,9414170.329,7293278.09,N,1,0.225287217
20,10,2020,7868498.371,5708690.014,N,2,0.274487997
21,10,2020,7220659.695,5316050.819,N,3,0.263772142
22,10,2020,7888524.445,5470415.338,N,4,0.306535034
23,10,2020,9604809.524,7203011.238,N,5,0.250062042
24,10,2020,,,N,6,
25,10,2020,,,N,7,
26,10,2020,8381837.629,6280959.538,N,1,0.250646479
27,10,2020,8630007.143,6478788.6,N,2,0.249271931
28,10,2020,10099296.18,7877642.831,N,3,0.219981007
29,10,2020,14184768.56,10054765.63,N,4,0.291157583
30,10,2020,,,N,5,
31,10,2020,5005083.586,2653863.455,P,6,0.469766407
1,11,2020,,,N,7,
2,11,2020,10515012.05,7515809.305,N,1,0.285230557
3,11,2020,8459134.224,6228137.852,N,2,0.263738145
4,11,2020,7304742.795,5081788.162,N,3,0.304316619
5,11,2020,8110796.176,5753618.502,N,4,0.29062223
6,11,2020,9783010.893,6699227.826,N,5,0.315218198
7,11,2020,2824704.926,1212342.311,N,6,0.57080745
8,11,2020,,,N,7,
9,11,2020,9802246.54,7456075.01,N,1,0.23935039
10,11,2020,9761263.524,7188049.293,N,2,0.263614872
11,11,2020,7822618.529,5314080.452,N,3,0.320677541
12,11,2020,10975925.04,7918573.988,N,4,0.27855065
13,11,2020,9080155.576,6600577.14,N,5,0.273076647
14,11,2020,,,N,6,
15,11,2020,,,P,7,
16,11,2020,1782425.685,828061.7219,N,1,0.535429876
17,11,2020,10606501.07,8584103.307,N,2,0.190675299
18,11,2020,8225016.429,6435330.721,N,3,0.217590533
19,11,2020,8676043.06,6045900.271,N,4,0.303150038
20,11,2020,8740447.421,6789918.688,N,5,0.2231612
21,11,2020,2457898.636,1309208.159,N,6,0.467346562
22,11,2020,,,N,7,
23,11,2020,9360616.238,7396034.724,N,1,0.20987737
24,11,2020,9674595.567,7747143.06,N,2,0.199228225
25,11,2020,10238426.17,8058081.393,N,3,0.212957025
26,11,2020,8974688.212,6762962.836,N,4,0.246440358
27,11,2020,14782822.5,11086691.47,N,5,0.250028777
28,11,2020,,,N,6,
29,11,2020,,,N,7,
30,11,2020,2223181.452,161064.259,P,1,0.927552356
1,12,2020,13349734.82,10153464.58,N,2,0.239425748
2,12,2020,11594568.55,9011479.019,N,3,0.222784446
3,12,2020,9825373.75,7372209.052,N,4,0.249676476
4,12,2020,11227715.4,8816869.426,N,5,0.214722754
5,12,2020,3659896.483,2045204.578,N,6,0.44118513
6,12,2020,,,N,7,
7,12,2020,9225780.09,6552704.286,N,1,0.289739814
8,12,2020,7286825.671,5406088.707,N,2,0.258100996
9,12,2020,7728900.621,5812648.24,N,3,0.24793337
10,12,2020,9995914.712,7319347.362,N,4,0.267766125
11,12,2020,11684692.42,9089571.881,N,5,0.222095751
12,12,2020,2.88225,-208175.5457,N,6,72227.74843
13,12,2020,,,N,7,
14,12,2020,11767513.64,9147950.598,N,1,0.22260973
15,12,2020,11563937.35,9080105.905,P,2,0.214791153
16,12,2020,9035165.583,7104228.505,N,3,0.213713524
17,12,2020,10473810.94,8154672.414,N,4,0.221422607
18,12,2020,10160777.43,7954646.107,N,5,0.217122296
19,12,2020,3135889.793,1785945.778,N,6,0.43048197
20,12,2020,33013.5679,-47900.57245,N,7,2.450935948
21,12,2020,10026763.08,7763742.112,N,1,0.225698059
22,12,2020,9757506.893,7462110.971,N,2,0.2352441
23,12,2020,11171652.95,8928328.505,N,3,0.200805061
24,12,2020,17836044.89,14588777.87,N,4,0.182062057
25,12,2020,120667.3206,-94192.8259,N,5,1.780599299
26,12,2020,95998.92598,-95930.23905,N,6,1.999284503
27,12,2020,31227.86095,-39242.45771,N,7,2.25664892
28,12,2020,12600337.29,9313722.426,N,1,0.260835467
29,12,2020,10259892.3,7774287.7,N,2,0.2422642
30,12,2020,12833908.96,9882707.224,N,3,0.229953457
31,12,2020,17305065.51,13017548.28,P,4,0.24776082
1,1,2021,10142959.75,7791827.243,N,5,0.231799452
2,1,2021,3771233.688,2435649.807,N,6,0.35415039
3,1,2021,44840.55929,-61471.37226,N,7,2.370887724
4,1,2021,11525234.8,9417953.881,N,1,0.182840607
5,1,2021,9000163.648,6875159.843,N,2,0.236107241
6,1,2021,9431506.1,6932390.226,N,3,0.26497527
7,1,2021,8878346.207,6516891.69,N,4,0.265979098
8,1,2021,9273825.788,6922855.324,N,5,0.253505998
9,1,2021,134874.7521,-128790.0113,N,6,1.954885991
10,1,2021,41745.49076,-44683.325,N,7,2.070374888
11,1,2021,10054396.11,7393322.914,N,1,0.264667631
12,1,2021,8775026.479,6702315.036,N,2,0.236205719
13,1,2021,9249368.143,7205861.788,N,3,0.220934698
14,1,2021,8539118.476,6820150.319,N,4,0.201305107
15,1,2021,11186195.42,9203028.364,P,5,0.177287002
16,1,2021,2815664.943,1628156.059,N,6,0.421750779
17,1,2021,48262.34357,-36715.69905,N,7,1.760752511
18,1,2021,8905739.926,7054058.54,N,1,0.207919993
19,1,2021,9841581.329,7809971.802,N,2,0.206431208
20,1,2021,9152750.907,7055510.907,N,3,0.229137668
21,1,2021,9788434.512,7524197.957,N,4,0.231317536
22,1,2021,9986219.043,7797380.343,N,5,0.219185929
23,1,2021,145626.5531,-98546.84745,N,6,1.676709332
24,1,2021,38660.32552,-33421.84379,N,7,1.864499802
25,1,2021,12142378.21,9404943.243,N,1,0.225444713
26,1,2021,82155.42526,-87190.592,N,2,2.061288305
27,1,2021,11894524.47,9459098.188,N,3,0.204751883
28,1,2021,11374690.38,8780529.098,N,4,0.228064342
29,1,2021,16543260.77,13167412.74,N,5,0.204061828
30,1,2021,5444084.443,3430362.345,N,6,0.369891782
31,1,2021,84328.73176,-69331.32526,P,7,1.822155436
1,2,2021,15853315.23,12996447.84,N,1,0.180206307
2,2,2021,8745414.888,6367309.236,N,2,0.271925996
3,2,2021,9884445.398,7869679.971,N,3,0.203831914
4,2,2021,8729752.5,6573393.795,N,4,0.247012582
5,2,2021,10110515.21,7877117.248,N,5,0.220898532
6,2,2021,3997337.676,2156376.7,N,6,0.460546775
7,2,2021,63550.43505,-74423.23105,N,7,2.171089246
8,2,2021,9812671.39,7677950.614,N,1,0.217547362
9,2,2021,9228688.64,7169974.164,N,2,0.223077683
10,2,2021,9228675.545,7156710,N,3,0.224513857
11,2,2021,9726051.24,7409888.512,N,4,0.238140091
12,2,2021,10269840.71,7446728.595,N,5,0.274893467
13,2,2021,140543.013,-95386.09436,N,6,1.678696809
14,2,2021,47328.12764,-38242.80343,N,7,1.808035419
15,2,2021,9821114.681,7400560.074,P,1,0.246464346
16,2,2021,10615031.86,8539692.8,N,2,0.195509452
17,2,2021,9246741.388,7322200.626,N,3,0.208131782
18,2,2021,12286877.48,9980930.933,N,4,0.187675555
19,2,2021,3329700.419,1648819.995,N,5,0.504814311
20,2,2021,3767324.84,2374815.205,N,6,0.369628236
21,2,2021,58349.9315,-31789.7619,N,7,1.544812326
22,2,2021,11032524.6,8895369.405,N,1,0.193714066
23,2,2021,10196926.99,8014700.614,N,2,0.214008238
24,2,2021,10773295.48,8654536.336,N,3,0.196667691
25,2,2021,12246503.86,9330780.326,N,4,0.238086198
26,2,2021,15907045.65,11822709.6,N,5,0.256762704
27,2,2021,288346.4236,-164574.377,N,6,1.570752274
28,2,2021,78406.62498,-54140.22698,P,7,1.69050577
1,3,2021,12808807.82,9357095.374,N,1,0.269479603
2,3,2021,10446513.63,7962639.971,N,2,0.237770585
3,3,2021,9706659.54,7502746.826,N,3,0.227051614
4,3,2021,10057971.23,7686273.986,N,4,0.235802747
5,3,2021,11996080.4,9634047.457,N,5,0.196900393
6,3,2021,4551939.505,2661539.505,N,6,0.415295502
7,3,2021,64548.65305,-61360.09436,N,7,1.950602243
8,3,2021,12361113.64,10158237,N,1,0.178210209
9,3,2021,9765356.31,6944730.971,N,2,0.288839982
10,3,2021,11996359.57,9003975.295,N,3,0.249441029
11,3,2021,1578598.121,505244.3162,N,4,0.679941139
12,3,2021,16916201.35,13790844.1,N,5,0.184755264
13,3,2021,213533.585,-81906.68802,N,6,1.383577544
14,3,2021,60308.12252,-37956.6564,N,7,1.629378843
15,3,2021,14692688.94,12186769.04,P,1,0.170555567
16,3,2021,9326986.529,7581769.079,N,2,0.187114825
17,3,2021,13519106.57,10541453.28,N,3,0.220255183
18,3,2021,13459463.55,10324735.29,N,4,0.232901426
19,3,2021,13641413.25,10882649.93,N,5,0.202234422
20,3,2021,4657079.64,2813901.198,N,6,0.395779885
21,3,2021,100859.0692,-12685.9082,N,7,1.125778557
22,3,2021,13596265.76,10994382.65,N,1,0.19136748
23,3,2021,12844792.05,10058625.9,N,2,0.216910179
24,3,2021,14035904.6,10919049.4,N,3,0.222063009
25,3,2021,16694996.95,13468282.99,N,4,0.193274306
26,3,2021,21540714.89,17723167.07,N,5,0.17722475
27,3,2021,284133.3281,-91121.72857,N,6,1.320700599
28,3,2021,61719.70876,-126788.4207,N,7,3.054261487
29,3,2021,1947365.659,90286.05514,N,1,0.953636825
30,3,2021,20852684.73,16085938.48,N,2,0.228591489
31,3,2021,25320180.83,18102150.25,P,3,0.285070262
1,4,2021,156507.1376,-289459.4736,N,4,2.849496949
2,4,2021,1665722.753,412154.7074,N,5,0.752567042
3,4,2021,8775955.079,6496964.39,N,6,0.259685774
4,4,2021,72997.70155,-59390.49152,N,7,1.813593994
5,4,2021,15527420.39,12811890.44,N,1,0.174886097
6,4,2021,11288939.59,9263878.981,N,2,0.179384484
7,4,2021,10456949.59,8329583.755,N,3,0.203440383
8,4,2021,8838398.99,6731939,N,4,0.238330493
9,4,2021,11168736.68,8070207.998,N,5,0.277428752
10,4,2021,174417.4735,-89390.09583,N,6,1.51250654
11,4,2021,50498.49917,-57826.17969,N,7,2.145106897
12,4,2021,13093351.18,10372759.29,N,1,0.20778423
13,4,2021,2627686.914,1418814.719,N,2,0.460051838
14,4,2021,363318.5595,-84365.80626,N,3,1.232208909
15,4,2021,14913809.42,12098912.89,P,4,0.188744301
16,4,2021,12208553.95,9869386.514,N,5,0.191600696
17,4,2021,3136649.007,1959046.847,N,6,0.375433196
18,4,2021,41455.08974,-62869.28255,N,7,2.516563659
19,4,2021,10825525.11,8891436.562,N,1,0.178660021
20,4,2021,9691171.443,7704431.41,N,2,0.205005148
21,4,2021,1462170.053,475630.4131,N,3,0.674709236
22,4,2021,11173171.45,8820211.979,N,4,0.210590116
23,4,2021,9477008.107,7492860.429,N,5,0.209364354
24,4,2021,151473.615,-66460.93469,N,6,1.438762452
25,4,2021,47216.77564,-32701.46845,N,7,1.692581567
26,4,2021,10070279.86,7706906.24,N,1,0.234687978
27,4,2021,8901849.75,7123636.924,N,2,0.199757677
28,4,2021,9588519.917,7783804.664,N,3,0.188216249
29,4,2021,10070758.72,7642473.345,N,4,0.241122386
30,4,2021,13571576.75,10137751.35,P,5,0.253015951
1,5,2021,969066.3893,-21170.6342,N,6,1.021846423
2,5,2021,52844.9526,-58766.40136,N,7,2.112053251
3,5,2021,9917365.202,7855099.807,N,1,0.207944888
4,5,2021,9003516.357,7212402.874,N,2,0.198934884
5,5,2021,9275179.807,7295518.455,N,3,0.213436439
6,5,2021,10136608.31,8018140.205,N,4,0.208991809
7,5,2021,8961328.224,6739008.421,N,5,0.247990002
8,5,2021,158358.382,-81524.28757,N,6,1.514808793
9,5,2021,51024.9621,-48986.86726,N,7,1.960056907
10,5,2021,11066005.51,8742206.683,N,1,0.209994367
11,5,2021,9453961.576,7718912.59,N,2,0.183526131
12,5,2021,10290880.24,8291855.407,N,3,0.194252074
13,5,2021,2524964.205,1199059.866,N,4,0.525118073
14,5,2021,8113675.938,7134722.488,N,5,0.120654739
15,5,2021,3110881.129,2092345.019,P,6,0.32741081
16,5,2021,52827.60157,-36215.95431,N,7,1.685549849
17,5,2021,8816198.233,7177450.195,N,1,0.185879218
18,5,2021,7934302.364,6239253.419,N,2,0.213635537
19,5,2021,8669186.845,7124858.59,N,3,0.17813992
20,5,2021,9357340.698,7654184.255,N,4,0.182012871
21,5,2021,8747619.433,7079143.986,N,5,0.190734801
22,5,2021,164736.5762,-35671.59324,N,6,1.216537177
23,5,2021,50075.17164,-17093.98502,N,7,1.341366479
24,5,2021,10097380.09,7826641.16,N,1,0.224883971
25,5,2021,10786330.23,8890507.369,N,2,0.175761619
26,5,2021,1709125.02,794257.3826,N,3,0.535284211
27,5,2021,11308068.56,9130847.564,N,4,0.192536947
28,5,2021,13325125.93,11262865.05,N,5,0.154764832
29,5,2021,2733919.917,1563947.01,N,6,0.427947029
30,5,2021,59712.15086,-41903.83562,N,7,1.701763963
31,5,2021,12307138.21,9182401.919,P,1,0.253896254
1,6,2021,10699114.89,8344485.848,N,2,0.220076993
2,6,2021,8242350.55,6452726.764,N,3,0.217125415
3,6,2021,8303608.005,6395877.95,N,4,0.229747124
4,6,2021,10694571.22,8688974.362,N,5,0.187534107
5,6,2021,3412000.317,2182136.826,N,6,0.360452338
6,6,2021,57526.66633,-53345.57102,N,7,1.927319006
7,6,2021,9366364.652,6964762.755,N,1,0.256407047
8,6,2021,8261500.61,6417121.993,N,2,0.223249831
9,6,2021,8679562.367,6999992.083,N,3,0.193508637
10,6,2021,8934549.329,7143644.233,N,4,0.200447166
11,6,2021,9148191.212,7193768.171,N,5,0.213640379
12,6,2021,162905.1331,-75853.29867,N,6,1.465628659
13,6,2021,55335.81562,-38953.79698,N,7,1.703952703
14,6,2021,11098225.13,8839265.964,N,1,0.203542381
15,6,2021,10131357.35,8125646.271,P,2,0.197970618
16,6,2021,10266922.03,8536011.724,N,3,0.168590966
17,6,2021,10878986,8987266.581,N,4,0.173887477
18,6,2021,10635219.72,8624743.76,N,5,0.189039438
19,6,2021,3014583.286,1950699.79,N,6,0.352912292
20,6,2021,56925.31417,-47461.58679,N,7,1.833751864
21,6,2021,11067958.58,9017581.019,N,1,0.185253455
22,6,2021,11665500.28,9767863.933,N,2,0.162670807
23,6,2021,11196633.89,9265403.283,N,3,0.172483143
24,6,2021,11017997.87,9252110.124,N,4,0.160273016
25,6,2021,11133529.38,8643528.255,N,5,0.223648857
26,6,2021,187057.3524,-67931.58462,N,6,1.363159126
27,6,2021,52125.2345,-42388.63445,N,7,1.813207554
28,6,2021,13361519.57,10904130.05,N,1,0.183915423
29,6,2021,12410535.27,9877755.783,N,2,0.204083018
30,6,2021,18592805.89,14588968.01,P,3,0.215343392
1,7,2021,13924099.59,11242083.99,N,4,0.192616807
2,7,2021,10336437.39,8302266.843,N,5,0.196796098
3,7,2021,2979408.483,1770197.731,N,6,0.405855981
4,7,2021,77688.97624,-71724.27693,N,7,1.92322335
5,7,2021,9177287.957,7129675.948,N,1,0.223117333
6,7,2021,9745000.39,7434785.145,N,2,0.237066716
7,7,2021,9154366.51,7137922.107,N,3,0.220271321
8,7,2021,8018032.257,5947790.407,N,4,0.258198244
9,7,2021,13588155.55,11501702.37,N,5,0.153549404
10,7,2021,198547.8051,-74489.66645,N,6,1.37517245
11,7,2021,55215.0315,-55753.16421,N,7,2.009746127
12,7,2021,11092415.72,8855431.438,N,1,0.201667909
13,7,2021,9144114.074,7260099.836,N,2,0.206035732
14,7,2021,8989958.345,7064365.714,N,3,0.214193721
15,7,2021,13148694.12,10773743.15,P,4,0.180622574
16,7,2021,15805450.66,13847162.85,N,5,0.123899523
17,7,2021,3287786.231,2225488.057,N,6,0.323104393
18,7,2021,55149.25457,-56009.8614,N,7,2.015605049
19,7,2021,11355240.58,9332174.636,N,1,0.178161434
20,7,2021,10867361.21,8726591.99,N,2,0.196990711
21,7,2021,641955.3643,100095.5853,N,3,0.844077033
22,7,2021,12652681.43,10397959,N,4,0.178201154
23,7,2021,14308299.93,12083401.25,N,5,0.155497067
24,7,2021,200225.7621,-41499.88762,N,6,1.207265475
25,7,2021,52891.0589,-48022.70381,N,7,1.907955046
26,7,2021,12050586.66,9705553.664,N,1,0.194599073
27,7,2021,12127684.28,10052833.75,N,2,0.171083818
28,7,2021,9643805.943,7580334.46,N,3,0.213968582
29,7,2021,11592337.09,9203278.155,N,4,0.206089498
30,7,2021,16400363.9,12789656.28,N,5,0.220160214
31,7,2021,5074332.457,3145079.643,P,6,0.380198347
1,8,2021,73844.6914,-106003.543,N,7,2.435493073
2,8,2021,12409626.41,9873128.721,N,1,0.204397587
3,8,2021,9378545.85,7338426.836,N,2,0.21753042
4,8,2021,9004413.045,7008609.157,N,3,0.221647305
5,8,2021,10476191.25,8262175.452,N,4,0.211337856
6,8,2021,15103461.7,12602766.89,N,5,0.165570971
7,8,2021,3082784.345,1674477.998,N,6,0.456829343
8,8,2021,110125.5725,-20437.5161,N,7,1.185583744
9,8,2021,11112132.28,9054660.555,N,1,0.185155439
10,8,2021,9666241.548,7678848.56,N,2,0.20560142
11,8,2021,9839335.648,7895311.188,N,3,0.197576801
12,8,2021,11348267.05,9408842.464,N,4,0.170900506
13,8,2021,15713235.99,13425031.8,N,5,0.145622721
14,8,2021,210730.417,-91874.88614,N,6,1.435983032
15,8,2021,52433.94067,-50181.00319,P,7,1.957032841
16,8,2021,3937059.657,2114583.712,N,1,0.462902802
17,8,2021,13654214.5,11125715.42,N,2,0.185180852
18,8,2021,11733263.32,9183142.098,N,3,0.217341174
19,8,2021,3097359.731,1543368.65,N,4,0.501714756
20,8,2021,10869972.98,9175094.674,N,5,0.155922955
21,8,2021,3623338.898,2432929.55,N,6,0.328539334
22,8,2021,61653.89383,-38314.30586,N,7,1.621441786
23,8,2021,10806453.87,8916572.245,N,1,0.174884532
24,8,2021,9885153.414,7910964.557,N,2,0.199712516
25,8,2021,9448552.262,7388336.598,N,3,0.218045644
26,8,2021,11213933.73,8714160.712,N,4,0.222916693
27,8,2021,11418403.6,8834524.74,N,5,0.226290728
28,8,2021,238418.8821,-99489.34836,N,6,1.417288041
29,8,2021,74768.60602,-29123.19419,N,7,1.389510996
30,8,2021,9648926.314,7399882.167,N,1,0.233087504
31,8,2021,14714195.77,10866196.68,P,2,0.2615161
1,9,2021,10895609.43,8072256.033,N,3,0.259127626
2,9,2021,10868688.75,8437267.083,N,4,0.223708832
3,9,2021,10309659.74,8198241.945,N,5,0.20479995
4,9,2021,3109360.545,1772363.312,N,6,0.429991059
5,9,2021,71915.8316,-80210.175,N,7,2.11533404
6,9,2021,11332363.2,8736374.06,N,1,0.229077474
7,9,2021,10723339.29,8529592.667,N,2,0.204576817
8,9,2021,8748923.598,6755178.59,N,3,0.227884606
9,9,2021,12511223.75,9784859.507,N,4,0.217913475
10,9,2021,1826762.66,697924.0383,N,5,0.617944874
11,9,2021,202468.9304,-46800.475,N,6,1.231148922
12,9,2021,63509.02148,-41662.65238,N,7,1.656011562
13,9,2021,12772000.13,10133367.99,N,1,0.20659506
14,9,2021,10083199.78,7789052.919,N,2,0.22752171
15,9,2021,12444323.66,10238400.15,P,3,0.177263431
16,9,2021,10669759.29,8397075.986,N,4,0.213002303
17,9,2021,11471112.99,9291154.364,N,5,0.190038981
18,9,2021,3519113.948,2240096.173,N,6,0.36344881
19,9,2021,72834.29862,-58315.75438,N,7,1.800663362
20,9,2021,12388066.54,10266724.37,N,1,0.171240779
21,9,2021,10671096.49,8468864.91,N,2,0.206373505
22,9,2021,10366767.79,8433076.117,N,3,0.186527923
23,9,2021,11027412.3,8362389.612,N,4,0.241672535
24,9,2021,12727662.9,10258690.85,N,5,0.193984715
25,9,2021,238389.2021,-72409.45552,N,6,1.303744695
26,9,2021,71830.36876,-41113.07119,N,7,1.57236336
27,9,2021,13223179.43,10506827.38,N,1,0.205423519
28,9,2021,12521624.2,10079600.6,N,2,0.195024508
29,9,2021,16276418.35,13280642.2,N,3,0.184056227
30,9,2021,22354026.96,17561510.66,P,4,0.214391631
1,10,2021,16366823.17,12872103.99,N,5,0.213524588
2,10,2021,191305.5555,-125592.6747,N,6,1.656503019
3,10,2021,73601.28212,-83876.8645,N,7,2.139611459
4,10,2021,12706936.47,10034750.54,N,1,0.210293483
5,10,2021,10474452.45,7773964.876,N,2,0.257816586
6,10,2021,9736799.424,7235801.374,N,3,0.256860385
7,10,2021,10572223.29,7999426.467,N,4,0.243354378
8,10,2021,10551369.73,7772140.302,N,5,0.263399871
9,10,2021,260479.1857,-113169.5902,N,6,1.434466923
10,10,2021,83417.53993,-65828.10755,N,7,1.789139881
11,10,2021,11136612.11,8093356.412,N,1,0.273265843
12,10,2021,10756445.42,8444059.557,N,2,0.214976768
13,10,2021,9549510.74,7379024.345,N,3,0.227287706
14,10,2021,12118088.33,9906882.09,N,4,0.18247154
15,10,2021,291179.5374,-116303.8237,P,5,1.399423067
16,10,2021,4794724.407,3343040.557,N,6,0.302766901
17,10,2021,83009.45112,-43959.4191,N,7,1.529571254
18,10,2021,12795859.24,10287088.87,N,1,0.19606111
19,10,2021,1692036.233,627034.5298,N,2,0.629420152
20,10,2021,11145230.3,8974149.117,N,3,0.194799131
21,10,2021,13438722.71,10939382.6,N,4,0.185980481
22,10,2021,13236408.85,10512543.99,N,5,0.205785791
23,10,2021,270229.4219,-58339.59505,N,6,1.215889131
24,10,2021,78998.48633,-49562.48052,N,7,1.627385192
25,10,2021,13642733.19,10586847.2,N,1,0.223993678
26,10,2021,11259611.95,8388662.317,N,2,0.254977671
27,10,2021,10311551.93,7940277.233,N,3,0.22996293
28,10,2021,12442684.84,9616769.279,N,4,0.227114614
29,10,2021,15450300.85,11356161.86,N,5,0.264987655
30,10,2021,5640914.036,3017676.579,N,6,0.465037659
31,10,2021,142213.9908,-111860.2026,P,7,1.786562573
1,11,2021,15001391.66,11570438.08,N,1,0.22870902
2,11,2021,13337910.42,10337911.81,N,2,0.224922684
3,11,2021,12861120.03,9707429.643,N,3,0.245211178
4,11,2021,400020.8052,-70009.22467,N,4,1.175013959
5,11,2021,1833319.795,1063384.708,N,5,0.419967694
6,11,2021,4268941.881,2936476.671,N,6,0.312130089
7,11,2021,82239.42517,-63572.01983,N,7,1.773011481
8,11,2021,12168991.32,9479661.371,N,1,0.220998592
9,11,2021,15704077.33,13601511.73,N,2,0.133886605
10,11,2021,13950533.77,11878663.8,N,3,0.148515462
11,11,2021,9436113.66,7594707.617,N,4,0.195144538
12,11,2021,12002276.93,9703629.89,N,5,0.191517581
13,11,2021,266653.1086,-52184.36962,N,6,1.195701336
14,11,2021,73562.06355,-51251.56352,N,7,1.696711879
15,11,2021,13535139.34,10956201.88,P,1,0.190536455
16,11,2021,9721621.243,7650264.164,N,2,0.213067042
17,11,2021,10590319.31,8538855.595,N,3,0.193711224
18,11,2021,13818441.36,10988137.93,N,4,0.204820743
19,11,2021,1708747.505,644882.0217,N,5,0.622599583
20,11,2021,4416824.769,3053918.56,N,6,0.308571492
21,11,2021,85655.78795,-44731.81214,N,7,1.522227548
22,11,2021,15653110.22,13436532.49,N,1,0.141606218
23,11,2021,10227389.49,8031933.964,N,2,0.214664312
24,11,2021,10862697.89,8759258.995,N,3,0.193638718
25,11,2021,13276118.29,10991828.18,N,4,0.17206009
26,11,2021,13358763.9,10726712.9,N,5,0.197028036
27,11,2021,277980.0614,-55946.64617,N,6,1.201261363
28,11,2021,78414.49529,-55764.64131,N,7,1.711152206
29,11,2021,15665209.61,12466103.46,N,1,0.204217258
30,11,2021,16807324.26,12639009.59,P,2,0.248005846
1,12,2021,12604358.6,9624217.931,N,3,0.236437312
2,12,2021,9945255.926,7337033.779,N,4,0.262257922
3,12,2021,11110085.24,8161550.036,N,5,0.265392671
4,12,2021,3343833.912,1878965.236,N,6,0.438080573
5,12,2021,89864.24086,-79531.58681,N,7,1.885019292
6,12,2021,12539061.85,10030855.01,N,1,0.20003146
7,12,2021,10757504.63,8438497.364,N,2,0.215571115
8,12,2021,9565195.55,7547142.957,N,3,0.210978707
9,12,2021,11834776.96,9268360.326,N,4,0.216853824
10,12,2021,13383906.03,10742206.89,N,5,0.197378788
11,12,2021,261597.5824,-81926.91083,N,6,1.313179159
12,12,2021,76279.04219,-62072.66526,N,7,1.813757796
13,12,2021,14148743.63,11593243.51,N,1,0.180616752
14,12,2021,14246394.75,11911817.7,N,2,0.163871428
15,12,2021,13908184.6,11450614.98,P,3,0.176699525
16,12,2021,11118808.84,8320447.952,N,4,0.251678118
17,12,2021,12470147.76,10363316.05,N,5,0.16895002
18,12,2021,4507512.862,2931713.281,N,6,0.349594029
19,12,2021,85850.47919,-63682.20736,N,7,1.741780453
20,12,2021,15210505.24,12788732.4,N,1,0.15921712
21,12,2021,13323066.62,10893439.85,N,2,0.182362427
22,12,2021,13506920.16,11295243.3,N,3,0.16374398
23,12,2021,12259844.24,9805428.819,N,4,0.20019956
24,12,2021,12687310.04,10147542.3,N,5,0.200181735
25,12,2021,254437.384,-24555.06407,N,6,1.096507297
26,12,2021,81409.46662,-50721.94895,N,7,1.623047307
27,12,2021,13484827.6,10826039.67,N,1,0.197168848
28,12,2021,12351513.09,9840154.281,N,2,0.203323981
29,12,2021,12322919.95,9783945.321,N,3,0.20603677
30,12,2021,16445402.14,13174667.73,N,4,0.198884428
31,12,2021,20812357.75,16064711.09,P,5,0.228116714
1,1,2022,5469870.679,3495102.843,N,6,0.361026421
2,1,2022,95600.90926,-102775.9255,N,7,2.075051758
3,1,2022,13249204.26,10850012.22,N,1,0.181081973
4,1,2022,8687082.502,6481746.738,N,2,0.253863799
5,1,2022,9338598.831,7063519.852,N,3,0.243621021
6,1,2022,11178196.17,8710920.193,N,4,0.220722193
7,1,2022,11611316.84,8887999.645,N,5,0.234539909
8,1,2022,271297.925,-89008.96695,N,6,1.32808569
9,1,2022,84908.24376,-59735.23321,N,7,1.703526897
10,1,2022,11554728.13,8802473.8,N,1,0.238192911
11,1,2022,10684994.52,8285973.238,N,2,0.224522462
12,1,2022,11078015.68,8781088.364,N,3,0.207341042
13,1,2022,10451836.37,7824906.783,N,4,0.251336655
14,1,2022,11090543.58,9053314.464,N,5,0.183690646
15,1,2022,2876997.993,1874609.185,P,6,0.348414844
16,1,2022,84090.12252,-50326.18431,N,7,1.598479141
17,1,2022,10764193.64,8878586.81,N,1,0.175173997
18,1,2022,10115695.59,8131785.043,N,2,0.196122009
19,1,2022,10133282.48,7960256.771,N,3,0.214444402
20,1,2022,11098369.94,8669406.526,N,4,0.218857673
21,1,2022,11379773.79,8901414.264,N,5,0.217786362
22,1,2022,291380.859,-55608.23386,N,6,1.190843812
23,1,2022,72753.97812,-60272.162,N,7,1.828438026
24,1,2022,13016574.19,10438571.49,N,1,0.198055392
25,1,2022,12101455.5,9205190.25,N,2,0.239331975
26,1,2022,154775.2946,-124163.4476,N,3,1.802217485
27,1,2022,14251543.04,11611576.87,N,4,0.185240725
28,1,2022,13518299.53,10092193.76,N,5,0.253442067
29,1,2022,4459259.502,2689900.002,N,6,0.396783255
30,1,2022,122202.8945,-80714.51879,N,7,1.660495965
31,1,2022,19501478.36,14561190.75,P,1,0.253328877
1,2,2022,12993936.42,9666212.262,N,2,0.256098233
2,2,2022,10529291.23,7977343.988,N,3,0.242366479
3,2,2022,9743253.717,7403886.121,N,4,0.240101271
4,2,2022,11582071.81,9193376.219,N,5,0.206240786
5,2,2022,4212317.131,2661085.876,N,6,0.368260795
6,2,2022,92220.54948,-87395.01831,N,7,1.947674014
7,2,2022,5805841.969,3413447.352,N,1,0.412066782
8,2,2022,15202912.06,12624351.11,N,2,0.169609674
9,2,2022,9873998.629,7615453.369,N,3,0.228736639
10,2,2022,10727332.05,7905851.371,N,4,0.263017931
11,2,2022,11486443.38,8873668.11,N,5,0.227465995
12,2,2022,294466.0469,-102331.8714,N,6,1.347516709
13,2,2022,95493.23829,-107400.9593,N,7,2.124697007
14,2,2022,11908811.89,9079368.771,N,1,0.237592393
15,2,2022,12880911.15,9852242.738,P,2,0.23512843
16,2,2022,11916762.77,9586880.502,N,3,0.195513019
17,2,2022,10824185.87,8463338.95,N,4,0.218108498
18,2,2022,11557934.34,8899795.755,N,5,0.22998388
19,2,2022,2461918.526,1280867.522,N,6,0.4797279
20,2,2022,91640.19057,-62019.87698,N,7,1.676775949
21,2,2022,10487672.5,8159935.621,N,1,0.221949806
22,2,2022,10585497.85,8392961.336,N,2,0.207126443
23,2,2022,10519041.46,8321571.631,N,3,0.208903999
24,2,2022,12403361.53,9919868.124,N,4,0.200227447
25,2,2022,14916754,11311488.34,N,5,0.241692372
26,2,2022,436631.5336,-30322.71481,N,6,1.069446919
27,2,2022,111235.9108,-71065.75969,N,7,1.638874256
28,2,2022,22082296.02,16704190.05,P,1,0.243548314
1,3,2022,2065396.701,525967.385,N,2,0.745343166
2,3,2022,13377048.04,10182248.78,N,3,0.238826926
3,3,2022,13296710.72,10574003.46,N,4,0.204765473
4,3,2022,11332517.15,8462459.464,N,5,0.253258623
5,3,2022,4716576.607,2871364.41,N,6,0.391218536
6,3,2022,116060.6217,-101683.2404,N,7,1.876121796
7,3,2022,13417340.87,10174983.2,N,1,0.241654267
8,3,2022,11939438.69,9225433.364,N,2,0.227314315
9,3,2022,11652465.94,9214938.019,N,3,0.209185586
10,3,2022,13661038.1,10831552.6,N,4,0.207120826
11,3,2022,13000555.84,10028860.3,N,5,0.228582191
12,3,2022,348650.7202,-65161.79005,N,6,1.186897047
13,3,2022,100357.4851,-63919.15081,N,7,1.636914633
14,3,2022,13787973.06,10586633.69,N,1,0.232183466
15,3,2022,14859329.81,11648042.73,P,2,0.216112512
16,3,2022,12657591.16,9630462.781,N,3,0.239155171
17,3,2022,16154650.98,13158656.04,N,4,0.185457114
18,3,2022,1204186.052,366634.5948,N,5,0.695533266
19,3,2022,4503424.967,3212784.462,N,6,0.286590876
20,3,2022,113779.6049,-58578.44481,N,7,1.514841345
21,3,2022,14588646.59,11754196.45,N,1,0.194291508
22,3,2022,13163312.53,10431022.4,N,2,0.207568583
23,3,2022,13905635.91,11086602.45,N,3,0.202725965
24,3,2022,16246953.38,12637073.72,N,4,0.222188098
25,3,2022,16400470.73,12509622.08,N,5,0.23724006
26,3,2022,542382.4252,-11700.66699,N,6,1.021572725
27,3,2022,125294.6396,-63878.21231,N,7,1.509823984
28,3,2022,21090790.75,15933343.7,N,1,0.244535499
29,3,2022,17494805.12,13670274.28,N,2,0.218609514
30,3,2022,23833129.69,17056905.25,N,3,0.284319539
31,3,2022,34564319.43,25695066.21,P,4,0.256601414
1,4,2022,368013.6612,-297669.2121,N,5,1.808853702
2,4,2022,4599564.469,2521084.476,N,6,0.451886262
3,4,2022,131857.7739,-112028.0782,N,7,1.849612995
4,4,2022,18950951.22,15637995.1,N,1,0.174817405
5,4,2022,14317651.89,11687376.21,N,2,0.183708593
6,4,2022,12808781.58,10392705.69,N,3,0.188626519
7,4,2022,13292399.8,10611483.44,N,4,0.201687912
8,4,2022,12893581.82,10167170.09,N,5,0.211454952
9,4,2022,338352.2869,-73838.37864,N,6,1.218229288
10,4,2022,100023.0678,-83908.89331,N,7,1.838895418
11,4,2022,15334753.3,12509327.96,N,1,0.184249807
12,4,2022,12276848.45,9847571.731,N,2,0.19787462
13,4,2022,15840330.22,11671211.24,N,3,0.263196469
14,4,2022,787512.5681,107647.3737,N,4,0.863307104
15,4,2022,799401.735,207777.3615,P,5,0.740083925
16,4,2022,7336660.24,5590135.79,N,6,0.238054427
17,4,2022,119986.3898,-65766.70862,N,7,1.548118072
18,4,2022,14251539.96,11774952.54,N,1,0.173776829
19,4,2022,11076749.95,8537007.593,N,2,0.22928588
20,4,2022,11697422.93,9325718.329,N,3,0.202754454
21,4,2022,11078317,8888713.317,N,4,0.197647683
22,4,2022,11306493.74,8832313.136,N,5,0.218828283
23,4,2022,355947.8781,-53097.65474,N,6,1.149172556
24,4,2022,93903.75079,-77488.01757,N,7,1.825185543
25,4,2022,14383454.28,11537365.85,N,1,0.197872387
26,4,2022,11336508.69,9001052.248,N,2,0.206011966
27,4,2022,10781456.57,8455412.74,N,3,0.215744859
28,4,2022,13492005.38,10758510.75,N,4,0.202601063
29,4,2022,18097895.48,14138085.3,N,5,0.218799483
30,4,2022,5980074.062,3301454.452,P,6,0.447924153
1,5,2022,127512.703,-140324.1721,N,7,2.100472101
2,5,2022,14117445.38,10861285.38,N,1,0.230647961
3,5,2022,614003.8781,46439.51738,N,2,0.924366085
4,5,2022,12160070.99,9411081.483,N,3,0.226066896
5,5,2022,12543572.14,9902700.276,N,4,0.210535869
6,5,2022,13031532.37,10070201.21,N,5,0.22724351
7,5,2022,3935425.081,2183489.846,N,6,0.445170521
8,5,2022,111282.5172,-81640.77264,N,7,1.733635208
9,5,2022,11893467.31,9548075.217,N,1,0.197200029
10,5,2022,11962335.56,9535277.981,N,2,0.202891615
11,5,2022,10821837.26,8590118.112,N,3,0.206223684
12,5,2022,12917290.18,10109301.15,N,4,0.217382205
13,5,2022,14366837.43,11428452.56,N,5,0.204525518
14,5,2022,358488.8033,-90861.6854,N,6,1.253457527
15,5,2022,98611.73269,-67488.2014,P,7,1.684383081
16,5,2022,3138273.726,1589066.323,N,1,0.493649547
17,5,2022,15193040.99,12560613.93,N,2,0.173265316
18,5,2022,11551222.61,9187919.562,N,3,0.204593325
19,5,2022,12277293.64,9883979.879,N,4,0.194938219
20,5,2022,11917549.23,9558878.786,N,5,0.197915729
21,5,2022,3411538.667,2100101.668,N,6,0.384412175
22,5,2022,98819.35019,-72857.97912,N,7,1.73728454
23,5,2022,11504626.78,9248181.133,N,1,0.196133754
24,5,2022,10574029.09,8364954.771,N,2,0.208915098
25,5,2022,12478318.75,10119708.12,N,3,0.1890167
26,5,2022,10958106.38,8621589.31,N,4,0.213222704
27,5,2022,12622451.77,10025904.89,N,5,0.2057086
28,5,2022,350234.7417,-61300.11552,N,6,1.175025799
29,5,2022,233910.7358,-210951.9031,N,7,1.901847888
30,5,2022,13835774.36,10615949.61,N,1,0.232717351
31,5,2022,17079547.56,12805472.2,P,2,0.250245233
1,6,2022,12753884.15,9412501.881,N,3,0.261989385
2,6,2022,11630622.08,8994837.045,N,4,0.226624597
3,6,2022,11539119.14,9012232.471,N,5,0.218984364
4,6,2022,3647115.3,2109291.894,N,6,0.421654727
5,6,2022,112156.0402,-94605.54357,N,7,1.843517152
6,6,2022,14212445.4,11312981.83,N,1,0.204008774
7,6,2022,11120456.56,8520768.657,N,2,0.233775285
8,6,2022,10536890.52,8201461.81,N,3,0.221643065
9,6,2022,10053922.5,7730270.645,N,4,0.231118935
10,6,2022,14347014.43,11544875.12,N,5,0.195311668
11,6,2022,333647.8119,-83717.07671,N,6,1.250914508
12,6,2022,98297.74579,-77345.9794,N,7,1.78685405
13,6,2022,13339929.17,10576619.42,N,1,0.207145759
14,6,2022,10941847.5,8560300.443,N,2,0.21765493
15,6,2022,13586773.44,11105947.02,P,3,0.182591285
16,6,2022,10541214.75,8219849.569,N,4,0.220217995
17,6,2022,12267912.27,9717193.845,N,5,0.207917889
18,6,2022,3790814.2,2396158.048,N,6,0.367904117
19,6,2022,95836.2316,-91285.87257,N,7,1.952519429
20,6,2022,12447868.68,10052961.88,N,1,0.192394928
21,6,2022,11295942.73,8936268.198,N,2,0.208895759
22,6,2022,10709388.52,8628872.543,N,3,0.194270287
23,6,2022,10682885.43,8515751.236,N,4,0.20286038
24,6,2022,12954112.05,9992832.738,N,5,0.22859763
25,6,2022,349580.8357,-54646.21719,N,6,1.156319259
26,6,2022,94311.53033,-77569.011,N,7,1.822476432
27,6,2022,14881536.22,11827660.43,N,1,0.205212402
28,6,2022,15379155.76,12422978.73,N,2,0.192219721
29,6,2022,17609095.13,14825492.17,N,3,0.15807757
30,6,2022,22837974.64,17385839.43,P,4,0.238731117
1,7,2022,17358922.88,13702990.89,N,5,0.210608228
2,7,2022,4461920.395,2680292.305,N,6,0.399296252
3,7,2022,113101.6413,-113266.4373,N,7,2.001457061
4,7,2022,12577337.56,10082635.71,N,1,0.198348962
5,7,2022,10960777.57,8425172.702,N,2,0.231334397
6,7,2022,11520104.49,8842266.224,N,3,0.23244913
7,7,2022,12285517.36,9586181.281,N,4,0.219716923
8,7,2022,11764092.7,8594435.698,N,5,0.269434888
9,7,2022,336573.5883,-92409.63919,N,6,1.274559985
10,7,2022,94738.06776,-106430.6968,N,7,2.123420599
11,7,2022,12678465.94,10046580.14,N,1,0.207587086
12,7,2022,9924709.4,7650618.164,N,2,0.229134289
13,7,2022,9994698.645,7709657.819,N,3,0.228625285
14,7,2022,10661775.87,8378105.574,N,4,0.2141923
15,7,2022,13678171.84,11092084.81,P,5,0.189066716
16,7,2022,3576912.181,2154004.91,N,6,0.397803245
17,7,2022,98219.61648,-81992.7475,N,7,1.834789938
18,7,2022,13131072.82,10810016.72,N,1,0.176760584
19,7,2022,10070711.59,7750305.845,N,2,0.2304113
20,7,2022,11368855.75,9011762.726,N,3,0.207328959
21,7,2022,11448995.42,9047457.169,N,4,0.209759736
22,7,2022,12599615.91,10237164.21,N,5,0.187501882
23,7,2022,321702.8514,-75833.86157,N,6,1.23572642
24,7,2022,86094.83243,-77059.64569,N,7,1.895055412
25,7,2022,13205974.55,10481487.14,N,1,0.206307183
26,7,2022,11380620.97,9162668.293,N,2,0.194888546
27,7,2022,11259105.17,8892037.471,N,3,0.210235864
28,7,2022,13763213.66,10972504.43,N,4,0.202765815
29,7,2022,18219404.81,14244063.83,N,5,0.218192692
30,7,2022,5929066.486,3590982.714,N,6,0.394342647
31,7,2022,163803.5415,-120252.2419,P,7,1.734124798
1,8,2022,14207142.6,10782971.35,N,1,0.241017589
2,8,2022,11696631.04,9160878.419,N,2,0.216793418
3,8,2022,10723842.25,8376743.864,N,3,0.218867299
4,8,2022,10085788.5,7508178.9,N,4,0.255568476
5,8,2022,12811414.52,10172372.18,N,5,0.205991488
6,8,2022,4880784.833,3007939.01,N,6,0.38371817
7,8,2022,116400.7086,-116699.8092,N,7,2.002569577
8,8,2022,15552385.5,13141176.84,N,1,0.155037866
9,8,2022,1417658.354,220080.6713,N,2,0.84475761
10,8,2022,13965379.09,11016672.32,N,3,0.211144055
11,8,2022,12262008.23,10064034.9,N,4,0.179250682
12,8,2022,13986817.81,11449721.78,N,5,0.181391941
13,8,2022,346834.7736,-52706.02124,N,6,1.151962909
14,8,2022,97294.40224,-83385.6486,N,7,1.857044667
15,8,2022,131700.4216,-135918.0323,P,1,2.032024277
16,8,2022,4910948.012,2668383.993,N,2,0.456645848
17,8,2022,18492539.69,14956538.59,N,3,0.191212303
18,8,2022,14672700.1,12012220.76,N,4,0.181321729
19,8,2022,11158655.75,9396150.262,N,5,0.157949624
20,8,2022,3972008.726,2552181.626,N,6,0.357458203
21,8,2022,115166.2098,-74283.63055,N,7,1.645012375
22,8,2022,12734676.53,10326029.69,N,1,0.189140795
23,8,2022,10944405.53,8514050.748,N,2,0.222063663
24,8,2022,11459761.62,9226003.371,N,3,0.194921877
25,8,2022,12854668.4,10186304.01,N,4,0.207579403
26,8,2022,13672834.85,10867413.1,N,5,0.205182157
27,8,2022,398470.5774,-41874.34205,N,6,1.105087664
28,8,2022,105221.429,-93236.62486,N,7,1.886099208
29,8,2022,17234953.47,13785709.73,N,1,0.200130726
30,8,2022,20079004.19,15709553.13,N,2,0.217612936
31,8,2022,2663871.126,590692.5731,P,3,0.778257827
1,9,2022,14602698.84,11069162.93,N,4,0.241978277
2,9,2022,13712436.22,11113334.94,N,5,0.189543363
3,9,2022,3934758.424,2294269.19,N,6,0.416922478
4,9,2022,130409.2103,-100045.7606,N,7,1.767167905
5,9,2022,11569774.42,9079119.148,N,1,0.215272587
6,9,2022,13135996.92,10402769.69,N,2,0.20807155
7,9,2022,11185593.24,8699990.738,N,3,0.222214633
8,9,2022,11326404.55,8795252.102,N,4,0.223473604
9,9,2022,13269265.68,10851752.2,N,5,0.182188942
10,9,2022,372359.7514,-78461.37055,N,6,1.210713887
11,9,2022,96834.33905,-116330.9994,N,7,2.201340356
12,9,2022,14127370.17,11133276.66,N,1,0.211935659
13,9,2022,12262691.17,9849539.743,N,2,0.196788078
14,9,2022,11919371.38,8971264.31,N,3,0.247337462
15,9,2022,14976058.54,12169290.45,P,4,0.187417008
16,9,2022,13895408.71,11473350.9,N,5,0.174306338
17,9,2022,3435157.424,2105545.846,N,6,0.387059867
18,9,2022,116310.5028,-81480.51148,N,7,1.700543025
19,9,2022,15261877.96,12699685.42,N,1,0.167881865
20,9,2022,15179322.81,12720320.3,N,2,0.161996852
21,9,2022,12398874.97,10114623.97,N,3,0.184230505
22,9,2022,13725946.1,11085720.35,N,4,0.192352916
23,9,2022,15778285.53,13025361.79,N,5,0.174475467
24,9,2022,386065.916,-83148.13755,N,6,1.215372904
25,9,2022,109711.0348,-91664.87888,N,7,1.835511934
26,9,2022,17582722.37,13130098.61,N,1,0.253238587
27,9,2022,15491075.28,12409266.96,N,2,0.198940891
28,9,2022,16342967.73,13253395.1,N,3,0.189045997
29,9,2022,17422072.17,13841931.83,N,4,0.205494519
30,9,2022,24576872.07,18994339.65,P,5,0.227145766
1,10,2022,7218955.388,4230060.226,N,6,0.414034303
2,10,2022,157930.7766,-140766.85,N,7,1.891319938
3,10,2022,18155967.21,15161961.46,N,1,0.164904778
4,10,2022,12061581.87,9863429.593,N,2,0.182244112
5,10,2022,407688.2371,-87730.90876,N,3,1.21519117
6,10,2022,15721066.49,12292995.1,N,4,0.218055905
7,10,2022,15012403.14,11783179.66,N,5,0.215103701
8,10,2022,486823.8238,-356515.4121,N,6,1.732329427
9,10,2022,121730.3024,-170875.1276,N,7,2.403718912
10,10,2022,14476897.56,11428910.63,N,1,0.210541445
11,10,2022,11615475.69,8893050.524,N,2,0.234379137
12,10,2022,11984608.37,9443543.35,N,3,0.212027372
13,10,2022,10543762.28,7936066.017,N,4,0.247321231
14,10,2022,14899920.58,12322433.7,N,5,0.172986618
15,10,2022,4964707.96,3277232.952,P,6,0.339894113
16,10,2022,146730.4702,-111556.0881,N,7,1.760278952
17,10,2022,13480551.32,10850034.22,N,1,0.195134237
18,10,2022,12475242.95,9810216.381,N,2,0.213625224
19,10,2022,11582397.49,8762697.586,N,3,0.243446999
20,10,2022,12611583.12,9282902.74,N,4,0.263938345
21,10,2022,16761992.79,12788538.23,N,5,0.237051442
22,10,2022,496506.2062,-165995.1069,N,6,1.334326348
23,10,2022,161553.9774,-121626.5503,N,7,1.752853952
24,10,2022,468659.854,-1235.224931,N,1,1.002635653
25,10,2022,13067087.38,10627615.12,N,2,0.186688294
26,10,2022,2628679.236,1304660.91,N,3,0.503681966
27,10,2022,15228819.26,12804477.89,N,4,0.15919431
28,10,2022,14992121.29,11939643.14,N,5,0.203605487
29,10,2022,4432157.169,2734434.455,N,6,0.383046596
30,10,2022,154984.2904,-97532.98712,N,7,1.62930886
31,10,2022,18511815,13821696.96,P,1,0.253358087
1,11,2022,12446628.75,9108280.183,N,2,0.268213075
2,11,2022,11790601.36,9215377.098,N,3,0.21841331
3,11,2022,11533352.76,9120912.3,N,4,0.209170786
4,11,2022,11973156.77,9058899.981,N,5,0.2433992
5,11,2022,4833907.093,2984888.964,N,6,0.382510068
6,11,2022,137418.4839,-126108.1559,N,7,1.917694275
7,11,2022,14018578.49,11177058.17,N,1,0.202696751
8,11,2022,1845130.934,602861.7893,N,2,0.67326883
9,11,2022,13461400.78,10869032.18,N,3,0.192577922
10,11,2022,13988703.53,11040165.2,N,4,0.210779957
11,11,2022,12432270.82,9825473.755,N,5,0.209679881
12,11,2022,375015.4514,-93894.85893,N,6,1.250375974
13,11,2022,112950.2825,-83403.19138,N,7,1.738406222
14,11,2022,15144647.99,12292143.99,N,1,0.188350631
15,11,2022,15560357.51,12652668.25,P,2,0.186865197
16,11,2022,11981258.91,9540050.717,N,3,0.203752228
17,11,2022,12669105.36,10078738.69,N,4,0.204463267
18,11,2022,13780916.35,11210565.07,N,5,0.186515266
19,11,2022,4663238.41,3212772.979,N,6,0.311042521
20,11,2022,141609.8158,-88436.74162,N,7,1.624509969
21,11,2022,14055909.79,11695383.11,N,1,0.167938377
22,11,2022,11121889.13,8917583.531,N,2,0.19819525
23,11,2022,10227589.42,7912546.733,N,3,0.22635272
24,11,2022,11013980.07,8651923.495,N,4,0.214459855
25,11,2022,14874350.44,11908685.67,N,5,0.199381128
26,11,2022,425075.0833,-46394.3779,N,6,1.10914396
27,11,2022,115798.5397,-112632.3794,N,7,1.972658029
28,11,2022,15213425.66,12126615.62,N,1,0.202900393
29,11,2022,14242216.21,11163488.46,N,2,0.216169148
30,11,2022,18480217.86,13824542.72,P,3,0.251927503
1,12,2022,13855210.93,10041968.82,N,4,0.275220791
2,12,2022,13913870.94,11215074.75,N,5,0.19396444
3,12,2022,3811706.481,2121914.682,N,6,0.443316349
4,12,2022,134868.9767,-131557.362,N,7,1.97544569
5,12,2022,13190599.59,10514333.6,N,1,0.202891914
6,12,2022,12917815.32,10154394.67,N,2,0.21392322
7,12,2022,12098123.47,9403278.769,N,3,0.222748983
8,12,2022,11156728.37,8482850.612,N,4,0.23966504
9,12,2022,12105210.38,9295670.14,N,5,0.232093466
10,12,2022,408906.6464,-123279.9168,N,6,1.301486703
11,12,2022,117514.6454,-125168.6028,N,7,2.065131945
12,12,2022,14507434.41,11609278.25,N,1,0.199770413
13,12,2022,12266572.41,9714391.557,N,2,0.20805982
14,12,2022,12653278.85,10282294.54,N,3,0.187381021
15,12,2022,16552015.85,13486216.15,P,4,0.185222135
16,12,2022,14425014.5,11774482.98,N,5,0.183745502
17,12,2022,3654916.617,2203680.466,N,6,0.397064093
18,12,2022,136419.2417,-96539.84529,N,7,1.707670297
19,12,2022,14995932.04,12337291.89,N,1,0.177290758
20,12,2022,12386750.52,9871590.252,N,2,0.203052468
21,12,2022,12003179.5,9495363.983,N,3,0.208929268
22,12,2022,12429525.35,9885188.757,N,4,0.204701026
23,12,2022,14600174.28,11441013.6,N,5,0.216378286
24,12,2022,401321.7124,-98895.9011,N,6,1.246425494
25,12,2022,113940.4314,-106257.5747,N,7,1.932571287
26,12,2022,14481581.72,11648913.33,N,1,0.195604903
27,12,2022,15031847.6,12487788.45,N,2,0.169244608
28,12,2022,14161296.04,11522235.69,N,3,0.186357261
29,12,2022,16849345.08,13728884.36,N,4,0.185197745
30,12,2022,23230027.09,18293189.63,N,5,0.21251966
31,12,2022,8457851.412,5726980.919,P,6,0.322879932
1,1,2023,191263.0292,-188218.8651,N,7,1.984083887
2,1,2023,17784645.96,14612835.9,N,1,0.178345415
3,1,2023,13155031.1,10140598.45,N,2,0.229146752
4,1,2023,11228665.48,8795478.331,N,3,0.216694242
5,1,2023,11443403.28,8629055.379,N,4,0.245936268
6,1,2023,13610608.86,10593314.56,N,5,0.221686946
7,1,2023,4064712.85,1875793.163,N,6,0.538517668
8,1,2023,146920.1241,-137161.7056,N,7,1.93358011
9,1,2023,13044592.7,10301534.99,N,1,0.210283124
10,1,2023,11774343.42,9201612.474,N,2,0.218503135
11,1,2023,10803979.43,8160094.467,N,3,0.244713994
12,1,2023,12178738.88,9604649.014,N,4,0.211359312
13,1,2023,14621771.21,11614203.26,N,5,0.205691083
14,1,2023,349019.1424,-96586.74571,N,6,1.276737674
15,1,2023,117624.6051,-114530.846,P,7,1.973698028
16,1,2023,13547390.49,10963950.29,N,1,0.190696518
17,1,2023,11165064.4,8798374.602,N,2,0.211972785
18,1,2023,11872345.06,9435923.793,N,3,0.205218198
19,1,2023,12158191.82,9539401.545,N,4,0.215393071
20,1,2023,12842269.37,10022411.58,N,5,0.219576284
21,1,2023,3747254.081,2240311.786,N,6,0.402145748
22,1,2023,137180.9576,-119303.9305,N,7,1.869682881
23,1,2023,12523500.13,10244318.49,N,1,0.181992383
24,1,2023,10959707.84,8502066.269,N,2,0.224243347
25,1,2023,14784042.91,11868845.72,N,3,0.197185385
26,1,2023,210097.7794,-136600.4966,N,4,1.650175823
27,1,2023,17464869.34,14364331.15,N,5,0.177529996
28,1,2023,484171.5171,-67087.79957,N,6,1.138562053
29,1,2023,139008.1403,-136423.5411,N,7,1.981406851
30,1,2023,19760311.75,15917245.58,N,1,0.194484086
31,1,2023,22414673.6,17385915.84,P,2,0.224351148
1,2,2023,13863971.24,10245909.72,N,3,0.260968626
2,2,2023,13796966.95,11017138.23,N,4,0.201481146
3,2,2023,14106733.6,11327731.03,N,5,0.196998302
4,2,2023,4448967.229,2591862.114,N,6,0.417423869
5,2,2023,158635.6666,-119158.0856,N,7,1.751143095
6,2,2023,14488019.76,11451188.8,N,1,0.209609802
7,2,2023,11903669.49,8936759.843,N,2,0.249243281
8,2,2023,11519096.15,9065566.131,N,3,0.212996748
9,2,2023,12100795.76,9541827.217,N,4,0.211471096
10,2,2023,14806044.74,11741561.59,N,5,0.206975138
11,2,2023,434553.9702,-108298.457,N,6,1.249217507
12,2,2023,148277.8792,-92215.42486,N,7,1.621909521
13,2,2023,15148897.34,12036060.24,N,1,0.205482751
14,2,2023,13257117.5,10604730.07,N,2,0.20007271
15,2,2023,12063857.12,9200554.752,P,3,0.237345514
16,2,2023,12712582.94,10010779.16,N,4,0.212529884
17,2,2023,15822445.53,12391311.07,N,5,0.216852347
18,2,2023,1592636.69,698194.914,N,6,0.561610681
19,2,2023,134510.7615,-102160.4826,N,7,1.759496723
20,2,2023,14084131.88,11359520,N,1,0.193452596
21,2,2023,11821290.4,9060041.352,N,2,0.23358271
22,2,2023,11333329.74,8821531.931,N,3,0.221629289
23,2,2023,12500672.4,9910902.652,N,4,0.207170436
24,2,2023,15242445.96,12003169.64,N,5,0.212516832
25,2,2023,507750.2271,-65254.02476,N,6,1.128515993
26,2,2023,148669.9041,-110187.1527,N,7,1.741153049
27,2,2023,17067835.39,13081775.28,N,1,0.233542217
28,2,2023,21776070.65,16394565.82,P,2,0.247129287
1,3,2023,15670223.83,12005345.48,N,3,0.233875303
2,3,2023,14675008.77,11717828.42,N,4,0.201511318
3,3,2023,13973754.93,10987376.59,N,5,0.213713376
4,3,2023,4876290.481,2727220.583,N,6,0.440718186
5,3,2023,184264.549,-159341.784,N,7,1.864744656
6,3,2023,16264069.78,12736419.9,N,1,0.216898349
7,3,2023,2850173.695,983782.1933,N,2,0.654834302
8,3,2023,11477841.94,9682625.979,N,3,0.156407099
9,3,2023,12613447.79,9950707.095,N,4,0.211103319